{
 "abort_on_missing": false, 
 "check_memory": false, 
 "enable_e10s": false, 
 "is-sdk-bundled": false, 
 "jetpackID": "glauca@daiheitan.com", 
 "loader": "addon-sdk/lib/sdk/loader/cuddlefish.js", 
 "main": "main", 
 "mainPath": "glauca/main", 
 "manifest": {
  "glauca/glauca": {
   "docsSHA256": null, 
   "jsSHA256": "aeefe28b745143828b0443bdccc6ea83687a24dac7607c9885db6badc631c942", 
   "moduleName": "glauca", 
   "packageName": "glauca", 
   "requirements": {
    "./sina": "glauca/sina", 
    "chrome": "chrome", 
    "sdk/l10n": "sdk/l10n", 
    "sdk/notifications": "sdk/notifications", 
    "sdk/panel": "sdk/panel", 
    "sdk/self": "sdk/self", 
    "sdk/simple-prefs": "sdk/simple-prefs", 
    "sdk/simple-storage": "sdk/simple-storage", 
    "sdk/tabs": "sdk/tabs", 
    "sdk/timers": "sdk/timers", 
    "sdk/url": "sdk/url", 
    "sdk/window/utils": "sdk/window/utils"
   }, 
   "sectionName": "lib"
  }, 
  "glauca/main": {
   "docsSHA256": "ff09881d131efd4cf8f38a88da18318657effe1091dd68fad16f19f6f1127baf", 
   "jsSHA256": "de9f3e5cc39ec75f0253ce0f9818743680ad8cc78373c32fe13ed37467c20e85", 
   "moduleName": "main", 
   "packageName": "glauca", 
   "requirements": {
    "./glauca": "glauca/glauca", 
    "./xul": "glauca/xul", 
    "chrome": "chrome", 
    "sdk/tabs": "sdk/tabs", 
    "sdk/window/utils": "sdk/window/utils"
   }, 
   "sectionName": "lib"
  }, 
  "glauca/sina": {
   "docsSHA256": null, 
   "jsSHA256": "27d54242a71e786f114ad2eb3599783880cdd4cd5d49bfa170a1474e505f28ea", 
   "moduleName": "sina", 
   "packageName": "glauca", 
   "requirements": {
    "sdk/request": "sdk/request", 
    "sdk/simple-prefs": "sdk/simple-prefs", 
    "sdk/tabs": "sdk/tabs", 
    "sdk/timers": "sdk/timers"
   }, 
   "sectionName": "lib"
  }, 
  "glauca/xul": {
   "docsSHA256": null, 
   "jsSHA256": "10d74befb8c22922532a098594a717468a689b4c080fd3fd88967ec08335c3c4", 
   "moduleName": "xul", 
   "packageName": "glauca", 
   "requirements": {
    "chrome": "chrome"
   }, 
   "sectionName": "lib"
  }
 }, 
 "metadata": {
  "addon-sdk": {
   "description": "Add-on development made easy.", 
   "keywords": [
    "javascript", 
    "engine", 
    "addon", 
    "extension", 
    "xulrunner", 
    "firefox", 
    "browser"
   ], 
   "license": "MPL 2.0", 
   "name": "addon-sdk"
  }, 
  "glauca": {
   "description": "Show timeline of Sina weibo in the AwesomeBar. Providing more functions at the same time.", 
   "license": "MPL 2.0", 
   "main": "main", 
   "name": "glauca", 
   "version": "6.0"
  }
 }, 
 "name": "glauca", 
 "parseable": false, 
 "preferences": [
  {
   "label": "Authorize", 
   "name": "authorize", 
   "title": "Authorize Glauca on Weibo", 
   "type": "control"
  }, 
  {
   "name": "show_mine", 
   "title": "Show weibo from myself", 
   "type": "bool", 
   "value": true
  }, 
  {
   "description": "Affects info displayed in AwesomeBar when showing a forwarded Weibo", 
   "name": "display_forwardtype", 
   "options": [
    {
     "label": "Show complete weibo", 
     "value": "0"
    }, 
    {
     "label": "Hide forward list", 
     "value": "1"
    }, 
    {
     "label": "Show the first forward only", 
     "value": "2"
    }
   ], 
   "title": "Foward list filter", 
   "type": "menulist", 
   "value": 0
  }, 
  {
   "description": "Dynamically set width this add_on uses in AwesomeBar", 
   "name": "display_autofit", 
   "title": "Autofit weibo content", 
   "type": "bool", 
   "value": false
  }, 
  {
   "description": "Append the original weibo to AwesomeBar", 
   "name": "display_showRt", 
   "title": "Show Weibo being forwarded", 
   "type": "bool", 
   "value": true
  }, 
  {
   "description": "Show an icon when the weibo contains images", 
   "name": "display_showPicIcon", 
   "title": "Show picture indicator", 
   "type": "bool", 
   "value": true
  }, 
  {
   "description": "Show an icon when the weibo contains video", 
   "name": "display_showVideoIcon", 
   "title": "Show video indicator", 
   "type": "bool", 
   "value": true
  }, 
  {
   "description": "Only used in AwesomeBar", 
   "name": "display_nameLength", 
   "title": "Nick name display length", 
   "type": "integer", 
   "value": 6
  }, 
  {
   "description": "Only used in AwesomeBar", 
   "name": "display_weiboLength", 
   "title": "Weibo display length", 
   "type": "integer", 
   "value": 16
  }
 ], 
 "preferencesBranch": "glauca@daiheitan.com", 
 "sdkVersion": "1.17", 
 "staticArgs": {}, 
 "verbose": false
}